epoch,loss,acc,val_loss,val_acc,top1,validos,lr,seg
1,1.9992884579365247,0.622550436953686,0.6801014159406934,0.7940329454113106,0.0,0.84,0.000364625,560.552896976471
2,1.3137948156670016,0.8523126649382767,0.33695730199287466,0.919180590765105,0.18,0.92,0.0004140156782425611,559.959935426712
3,1.1479590165112417,0.9169014325196113,0.2594214112727673,0.9445900868005633,0.2,0.96,0.0003380423857355247,557.2396450042725
4,1.0928690184621643,0.9376251748251354,0.22679395364089447,0.9550125620494319,0.37,0.98,0.00029275329360286276,554.4534742832184
5,1.065057698079156,0.9478807909326239,0.20910047701039872,0.9606633927393706,0.36,0.99,0.0002618465060531822,553.803995847702
6,1.0479430679102895,0.9540552622649847,0.19760690687538743,0.96420764280612,0.39,0.98,0.00023903206328206817,558.8043828010559
7,1.0362910511234587,0.9582472137840577,0.18851366939095707,0.9670395832183885,0.45,0.99,0.00022130068867664318,555.5830340385437
8,1.0276932128496599,0.9613207667426676,0.18417697535319763,0.9684533797063296,0.52,0.99,0.00020700783912128056,555.4390113353729
9,1.0211735351223794,0.9635902289043285,0.17959469227821795,0.970055812980341,0.49,0.99,0.0001951688624019085,553.7726726531982
10,1.0157659155561534,0.9654552270094546,0.17502193723793152,0.9713037397722544,0.49,1.0,0.00018515344006020948,552.5940556526184
