epoch,loss,val_loss,masked_accuracy,val_masked_accuracy
1,15.993199520351185,13.124468455640187,0.5743292913661664,0.6318067464962542
2,13.35682452315678,12.203170081602043,0.620769848898898,0.6523898605840752
3,12.630312115451543,11.67174461778388,0.6382092023074611,0.6631919288252253
4,12.138728505595967,11.155650039657532,0.6504428302504188,0.6760658793660053
5,11.763969273835823,10.779442710570063,0.6600076789654171,0.6825885191021195
6,11.462368594185708,10.622799732024411,0.6679616421155127,0.6889663248655786
7,11.201226301016993,10.313286011094549,0.6747383742436331,0.6958345591303814
8,10.98209090199218,10.124302953697113,0.6806679458642004,0.7010236056932962
9,10.785529285826307,9.88449183850882,0.6859068313663256,0.7067464669545491
10,10.603083062348606,9.633133191564475,0.6908448635653804,0.7142068827487379
11,10.446078292259882,9.482487466727873,0.6953259170262923,0.723262120442218
12,10.29462903921609,9.383312034989935,0.699651526070186,0.7224981031743398
13,10.154219469655018,9.261075081882707,0.7034842636199755,0.7267704376255173
14,10.023772946107325,9.166644194805958,0.7072429655864935,0.7327897214506525
15,9.898948679054627,8.946344188322504,0.7107883914061268,0.7383672782694958
